index,ninety_percentile,geoid
0,48.0,31109
1,61.0,46099
2,9.0,39063
3,50.0,01027
4,60.0,39003
5,64.0,55111
6,33.0,41063
7,68.0,42007
8,56.0,40001
9,71.0,39085
10,50.0,51775
11,60.0,47065
12,36.0,56023
13,61.0,22019
14,55.0,40135
15,51.0,01049
16,55.0,36101
17,43.0,22105
18,48.0,51179
19,62.0,48361
20,49.0,39047
21,51.0,25015
22,58.0,25025
23,48.0,12129
24,54.0,12127
25,54.0,40017
26,59.0,13115
27,54.0,32001
28,52.0,41013
29,71.0,09007
30,56.0,37057
31,58.0,42117
32,74.0,39017
33,59.0,13063
34,67.0,56013
35,47.0,13073
36,70.0,42043
37,51.0,18123
38,50.0,27095
39,9.0,39115
40,64.0,39133
41,19.0,56041
42,46.0,41005
43,50.0,05113
44,7.0,17185
45,51.0,18169
46,61.0,18003
47,84.0,49005
48,60.0,17113
49,46.0,23001
50,40.0,16055
51,99.0,32003
52,61.0,55063
53,49.0,21061
54,49.0,36091
55,53.0,48041
56,38.0,55053
57,34.0,53041
58,61.0,13089
59,61.0,24510
60,60.0,48245
61,67.0,08067
62,61.0,48027
63,45.0,05019
64,100.0,41035
65,49.0,36075
66,48.0,30087
67,51.0,26153
68,61.0,34007
69,56.0,17083
70,50.0,51085
71,71.0,48215
72,64.0,37109
73,54.0,12095
74,40.0,16041
75,51.0,37027
76,50.0,18173
77,62.0,42059
78,67.0,38013
79,51.0,37063
80,54.0,19085
81,6.0,51510
82,51.0,30049
83,76.0,49013
84,53.0,21193
85,55.0,41029
86,59.0,12011
87,45.0,48397
88,77.0,26163
89,58.0,37145
90,54.0,20195
91,52.0,05001
92,40.0,39145
93,54.0,48309
94,51.0,12099
95,58.0,47165
96,52.0,41051
97,66.0,36089
98,76.0,06067
99,52.0,06083
100,61.0,19147
101,67.0,24015
102,68.0,19045
103,49.0,06009
104,51.0,25001
105,72.0,18089
106,38.0,41001
107,49.0,21175
108,46.0,17049
109,54.0,47105
110,40.0,15003
111,58.0,18157
112,56.0,12086
113,25.0,08097
114,67.0,18091
115,67.0,18057
116,47.0,33009
117,46.0,18129
118,80.0,06111
119,122.0,06037
120,74.0,04027
121,49.0,12055
122,100.0,04021
123,48.0,12017
124,49.0,47041
125,64.0,18037
126,61.0,36031
127,36.0,08099
128,74.0,38057
129,77.0,55127
130,77.0,36103
131,43.0,31157
132,51.0,48367
133,52.0,06097
134,33.0,16019
135,73.0,40115
136,44.0,42033
137,50.0,26037
138,67.0,17115
139,63.0,27109
140,60.0,34039
141,58.0,01097
142,42.0,37131
143,6.0,37013
144,72.0,38015
145,54.0,37159
146,44.0,23029
147,33.0,41003
148,64.0,42063
149,59.0,48203
150,47.0,29019
151,133.0,08059
152,54.0,54011
153,48.0,36041
154,64.0,04017
155,48.0,56003
156,60.0,18005
157,49.0,47141
158,67.0,38101
159,58.0,25027
160,97.0,06031
161,84.0,06073
162,58.0,29037
163,48.0,36027
164,49.0,08101
165,59.0,37051
166,122.0,06061
167,48.0,17023
168,49.0,45015
169,55.0,05051
170,71.0,39155
171,81.0,16049
172,95.0,49011
173,59.0,19013
174,46.0,01125
175,64.0,10003
176,64.0,17161
177,50.0,18015
178,79.0,42101
179,54.0,36109
180,37.0,29093
181,55.0,36001
182,72.0,48029
183,105.0,08013
184,64.0,47089
185,49.0,40097
186,23.0,16013
187,107.0,08031
188,19.0,18051
189,72.0,11001
190,71.0,27171
191,74.0,55059
192,54.0,06075
193,37.0,08113
194,53.0,02020
195,67.0,26139
196,91.0,17031
197,74.0,49003
198,67.0,54051
199,74.0,24005
200,61.0,39087
201,54.0,54061
202,57.0,09011
203,23.0,39059
204,52.0,51760
205,52.0,06041
206,64.0,48381
207,51.0,48401
208,90.0,06043
209,58.0,41047
210,71.0,55079
211,64.0,27139
212,45.0,47099
213,57.0,16009
214,49.0,37031
215,48.0,12081
216,28.0,08043
217,58.0,40019
218,39.0,35055
219,55.0,28011
220,42.0,32023
221,54.0,22055
222,78.0,16069
223,50.0,06055
224,31.0,20181
225,50.0,17001
226,36.0,31025
227,50.0,56009
228,66.0,27005
229,52.0,55003
230,84.0,06089
231,24.0,55085
232,56.0,22087
233,58.0,47009
234,67.0,30031
235,51.0,45031
236,47.0,06053
237,38.0,02110
238,58.0,29021
239,59.0,18065
240,54.0,24013
241,60.0,42015
242,63.0,54029
243,67.0,26021
244,63.0,17163
245,50.0,42073
246,36.0,39067
247,54.0,37003
248,54.0,33005
249,15.0,48255
250,51.0,48257
251,206.0,04013
252,58.0,48251
253,66.0,41023
254,51.0,51113
255,51.0,12069
256,62.0,20091
257,50.0,24009
258,25.0,53031
259,50.0,29003
260,61.0,35043
261,52.0,41043
262,64.0,40147
263,45.0,41037
264,58.0,13139
265,51.0,55125
266,55.0,27007
267,61.0,24019
268,68.0,39023
269,57.0,48323
270,87.0,04019
271,58.0,50021
272,50.0,25007
273,71.0,16023
274,51.0,33007
275,65.0,48273
276,74.0,18127
277,58.0,12103
278,63.0,17065
279,54.0,08029
280,55.0,48037
281,83.0,49057
282,49.0,36045
283,71.0,08045
284,68.0,19113
285,57.0,06105
286,56.0,13215
287,58.0,39109
288,56.0,48375
289,54.0,45003
290,70.0,56037
291,65.0,55089
292,61.0,47163
293,74.0,55117
294,63.0,25013
295,97.0,06027
296,76.0,42011
297,62.0,27083
298,58.0,22047
299,47.0,51061
300,33.0,32005
301,58.0,18055
302,67.0,42085
303,67.0,32033
304,64.0,27049
305,58.0,37173
306,50.0,12101
307,44.0,36059
308,67.0,18163
309,20.0,29071
310,54.0,37011
311,51.0,54107
312,56.0,45063
313,61.0,24003
314,71.0,55039
315,74.0,55061
316,56.0,25003
317,74.0,08103
318,61.0,34023
319,60.0,25005
320,61.0,24021
321,67.0,06051
322,46.0,06109
323,91.0,35013
324,61.0,06095
325,6.0,48449
326,48.0,22099
327,48.0,01119
328,53.0,12117
329,53.0,28035
330,61.0,26065
331,64.0,20177
332,49.0,39041
333,67.0,37067
334,46.0,32510
335,49.0,13261
336,54.0,45007
337,27.0,56007
338,43.0,30093
339,45.0,28161
340,61.0,04003
341,140.0,06071
342,67.0,08083
343,65.0,31055
344,56.0,29039
345,62.0,13059
346,54.0,16085
347,71.0,40071
348,64.0,06013
349,55.0,51087
350,61.0,36119
351,54.0,54033
352,46.0,37077
353,65.0,09009
354,52.0,10005
355,54.0,26105
356,77.0,55105
357,49.0,53013
358,89.0,41039
359,49.0,17085
360,29.0,30013
361,50.0,30029
362,61.0,21067
363,51.0,21091
364,44.0,46013
365,46.0,48469
366,71.0,26147
367,42.0,53037
368,48.0,54093
369,63.0,21059
370,56.0,29097
371,29.0,41061
372,58.0,13151
373,67.0,42021
374,46.0,47107
375,97.0,08001
376,58.0,42069
377,54.0,40037
378,71.0,09013
379,59.0,12031
380,47.0,21113
381,71.0,40075
382,48.0,37033
383,51.0,39057
384,49.0,01003
385,51.0,42131
386,50.0,37107
387,65.0,18167
388,58.0,18039
389,48.0,48303
390,52.0,12085
391,50.0,13085
392,8.0,51143
393,42.0,02068
394,68.0,20209
395,54.0,26157
396,68.0,39095
397,49.0,18043
398,58.0,37075
399,54.0,51071
400,58.0,53061
401,93.0,35015
402,50.0,51197
403,66.0,13303
404,66.0,53077
405,63.0,05143
406,67.0,55035
407,67.0,04005
408,60.0,20191
409,51.0,39007
410,58.0,48167
411,64.0,39135
412,78.0,48201
413,50.0,25017
414,60.0,26161
415,58.0,44009
416,69.0,53047
417,51.0,53063
418,53.0,55041
419,58.0,34017
420,74.0,39151
421,50.0,51153
422,61.0,42029
423,47.0,47145
424,46.0,53009
425,57.0,53065
426,56.0,19177
427,58.0,12033
428,75.0,48439
429,67.0,24033
430,71.0,40085
431,65.0,39099
432,66.0,17089
433,49.0,06017
434,43.0,41019
435,49.0,42089
436,48.0,05101
437,44.0,22077
438,64.0,31067
439,69.0,13095
440,47.0,16017
441,50.0,24027
442,115.0,49035
443,60.0,09003
444,51.0,09015
445,64.0,36085
446,68.0,45045
447,62.0,06113
448,44.0,46071
449,50.0,51036
450,58.0,18083
451,27.0,20057
452,6.0,38105
453,77.0,38017
454,63.0,19103
455,59.0,20133
456,46.0,21089
457,67.0,49017
458,97.0,02090
459,40.0,21101
460,47.0,30027
461,53.0,24023
462,49.0,46033
463,58.0,33013
464,71.0,42133
465,61.0,13097
466,71.0,38007
467,70.0,56005
468,42.0,22093
469,49.0,01117
470,51.0,26019
471,64.0,36029
472,61.0,24031
473,54.0,51013
474,17.0,51035
475,54.0,29183
476,56.0,06069
477,39.0,41009
478,53.0,45041
479,67.0,49053
480,49.0,42047
481,49.0,18013
482,68.0,18019
483,64.0,13135
484,48.0,36079
485,47.0,30089
486,49.0,47125
487,43.0,53051
488,51.0,21029
489,70.0,30053
490,59.0,27021
491,39.0,08007
492,71.0,55087
493,50.0,29186
494,57.0,19137
495,56.0,05067
496,38.0,22079
497,67.0,37087
498,57.0,27037
499,58.0,41025
500,49.0,21015
501,49.0,21229
502,50.0,56025
503,54.0,48139
504,48.0,12035
505,50.0,23031
506,61.0,46029
507,51.0,13231
508,49.0,34025
509,46.0,27075
510,40.0,06023
511,71.0,27003
512,68.0,18141
513,48.0,23019
514,150.0,06065
515,101.0,06029
516,54.0,55119
517,60.0,44007
518,63.0,45083
519,50.0,55073
520,27.0,32007
521,51.0,26165
522,61.0,42013
523,60.0,27123
524,50.0,32019
525,51.0,12071
526,56.0,41033
527,63.0,16059
528,60.0,31153
529,58.0,17157
530,46.0,23011
531,50.0,42111
532,58.0,37081
533,74.0,16001
534,67.0,13245
535,34.0,08107
536,75.0,06011
537,54.0,42049
538,54.0,51161
539,50.0,12005
540,74.0,40109
541,45.0,37099
542,14.0,51670
543,67.0,17201
544,87.0,04007
545,50.0,21043
546,40.0,53073
547,55.0,34029
548,61.0,40031
549,55.0,26049
550,46.0,06015
551,46.0,53007
552,67.0,40027
553,49.0,30083
554,54.0,05003
555,49.0,27163
556,59.0,42051
557,28.0,12107
558,62.0,21013
559,54.0,27035
560,105.0,08123
561,61.0,19153
562,60.0,48349
563,51.0,47187
564,54.0,56021
565,62.0,53003
566,54.0,13247
567,71.0,35045
568,115.0,06019
569,57.0,17167
570,45.0,48231
571,58.0,40113
572,50.0,21195
573,55.0,37035
574,6.0,17179
575,110.0,08069
576,61.0,21227
577,48.0,22017
578,46.0,37113
579,4.0,17099
580,52.0,16015
581,37.0,55081
582,52.0,12047
583,53.0,02170
584,54.0,18035
585,51.0,28045
586,67.0,47093
587,46.0,23017
588,66.0,29095
589,64.0,16079
590,57.0,21145
591,63.0,27145
592,49.0,47025
593,84.0,55101
594,43.0,36065
595,64.0,40121
596,69.0,55027
597,87.0,06039
598,38.0,56031
599,54.0,37101
600,66.0,06085
601,56.0,45019
602,54.0,53005
603,54.0,29189
604,67.0,06103
605,72.0,55025
606,51.0,26063
607,43.0,13069
608,49.0,22051
609,47.0,22103
610,58.0,39027
611,57.0,39093
612,43.0,48373
613,74.0,24025
614,57.0,45037
615,50.0,37129
616,55.0,51003
617,26.0,53023
618,23.0,27031
619,54.0,22033
620,67.0,26081
621,50.0,37147
622,54.0,12105
623,52.0,33015
624,56.0,53033
625,32.0,41017
626,59.0,19155
627,69.0,13121
628,71.0,55055
629,49.0,48221
630,110.0,32031
631,74.0,09001
632,80.0,06077
633,49.0,21221
634,58.0,24029
635,60.0,46103
636,48.0,12111
637,58.0,36055
638,55.0,13185
639,24.0,15007
640,67.0,26099
641,58.0,18147
642,39.0,51710
643,61.0,37179
644,74.0,38053
645,46.0,12091
646,67.0,06001
647,58.0,34015
648,51.0,33011
649,41.0,37121
650,33.0,41065
651,47.0,54025
652,51.0,35029
653,64.0,48355
654,50.0,56045
655,56.0,01089
656,54.0,47189
657,1.0,48161
658,52.0,51520
659,64.0,17197
660,71.0,46011
661,64.0,29047
662,49.0,18011
663,67.0,19163
664,53.0,12023
665,52.0,12059
666,53.0,28047
667,48.0,27017
668,49.0,39009
669,77.0,39081
670,54.0,54049
671,54.0,34011
672,131.0,06057
673,56.0,21199
674,54.0,37065
675,58.0,13213
676,51.0,12021
677,53.0,12003
678,54.0,28059
679,61.0,21037
680,58.0,09005
681,64.0,35039
682,74.0,17119
683,61.0,48085
684,54.0,12115
685,35.0,04015
686,51.0,04025
687,50.0,45051
688,71.0,42091
689,49.0,34027
690,49.0,48039
691,73.0,39113
692,48.0,26017
693,64.0,47157
694,64.0,06007
695,65.0,55009
696,38.0,22109
697,58.0,19111
698,90.0,08047
699,64.0,40087
700,67.0,37119
701,58.0,34013
702,51.0,48135
703,30.0,53027
704,56.0,54003
705,74.0,48121
706,61.0,37199
707,10.0,17133
708,64.0,13295
709,32.0,53015
710,63.0,06047
711,58.0,40043
712,33.0,42123
713,62.0,22015
714,48.0,29027
715,80.0,56001
716,21.0,56029
717,71.0,36081
718,62.0,19193
719,64.0,29099
720,50.0,29113
721,56.0,13051
722,49.0,23005
723,59.0,48013
724,71.0,05119
725,64.0,16005
726,71.0,39055
727,140.0,06107
728,49.0,36117
729,49.0,51163
730,71.0,42045
731,50.0,36063
732,51.0,50003
733,60.0,37183
734,77.0,39061
735,66.0,34003
736,66.0,17043
737,16.0,48493
738,74.0,04012
739,44.0,26115
740,51.0,21139
741,67.0,42001
742,65.0,47037
743,80.0,49047
744,90.0,49049
745,50.0,36047
746,31.0,16083
747,61.0,26077
748,47.0,56019
749,4.0,18027
750,27.0,46065
751,54.0,29077
752,64.0,42077
753,105.0,06099
754,74.0,42095
755,61.0,01103
756,54.0,21213
757,16.0,39029
758,48.0,12097
759,65.0,36061
760,56.0,12083
761,60.0,34041
762,62.0,35025
763,49.0,56033
764,58.0,42041
765,48.0,42055
766,49.0,42079
767,61.0,01113
768,77.0,17097
769,58.0,36013
770,54.0,13067
771,46.0,39013
772,54.0,24017
773,32.0,19033
774,44.0,53071
775,67.0,48113
776,46.0,22073
777,45.0,22095
778,90.0,08019
779,58.0,47155
780,49.0,17117
781,84.0,48141
782,51.0,39167
783,70.0,21111
784,60.0,21093
785,58.0,35049
786,68.0,06059
787,62.0,04023
788,64.0,18067
789,60.0,21047
790,81.0,06025
791,54.0,26027
792,46.0,28081
793,63.0,05035
794,56.0,36067
795,56.0,30075
796,29.0,04001
797,58.0,26101
798,124.0,48233
799,63.0,06101
800,62.0,17143
801,58.0,31177
802,84.0,42003
803,50.0,39097
804,60.0,17019
805,53.0,26113
806,48.0,48423
807,74.0,40143
808,3.0,48395
809,61.0,26125
810,31.0,53025
811,49.0,12001
812,47.0,51147
813,77.0,49007
814,67.0,42017
815,58.0,42081
816,23.0,16057
817,54.0,39025
818,54.0,39121
819,67.0,42075
820,50.0,34031
821,54.0,29157
822,64.0,27053
823,64.0,42027
824,20.0,12089
825,54.0,21185
826,74.0,38065
827,21.0,53001
828,52.0,50007
829,26.0,15009
830,54.0,22057
831,58.0,19139
832,51.0,12113
833,47.0,13055
834,71.0,38025
835,42.0,06005
836,87.0,35001
837,84.0,15001
838,64.0,24043
839,51.0,51680
840,20.0,54053
841,44.0,54021
842,71.0,26005
843,48.0,18145
844,67.0,39049
845,63.0,49021
846,55.0,12009
847,59.0,18105
848,58.0,48043
849,52.0,53011
850,45.0,12077
851,50.0,23009
852,50.0,23013
853,58.0,22063
854,54.0,25009
855,115.0,08035
856,60.0,45079
857,64.0,18095
858,57.0,54009
859,48.0,30111
860,42.0,06033
861,71.0,49037
862,49.0,22121
863,74.0,56039
864,59.0,55043
865,51.0,37021
866,177.0,06063
867,47.0,46093
868,81.0,18097
869,62.0,13021
870,48.0,48183
871,49.0,36087
872,51.0,51800
873,100.0,08041
874,51.0,29049
875,24.0,16029
876,58.0,37157
877,58.0,51059
878,54.0,47001
879,58.0,10001
880,54.0,39173
881,64.0,08051
882,47.0,37117
883,33.0,30081
884,47.0,06081
885,83.0,39035
886,53.0,41059
887,34.0,53035
888,67.0,17111
889,23.0,53075
890,64.0,39165
891,58.0,34019
892,41.0,41031
893,63.0,46127
894,45.0,01051
895,50.0,39083
896,49.0,19017
897,48.0,12061
898,46.0,08077
899,53.0,42115
900,71.0,42125
901,49.0,20103
902,71.0,26121
903,57.0,28049
904,52.0,51107
905,44.0,30071
906,33.0,53045
907,75.0,30063
908,58.0,54069
909,51.0,51165
910,59.0,18183
911,40.0,22071
912,74.0,01073
913,61.0,28033
914,55.0,47113
915,50.0,39089
916,55.0,05139
917,57.0,01101
918,112.0,08005
919,39.0,53057
920,71.0,55021
921,7.0,37019
922,54.0,31079
923,44.0,28075
924,64.0,13153
925,46.0,06087
926,45.0,29137
927,74.0,56035
928,58.0,45091
929,45.0,22005
930,51.0,51041
931,62.0,54039
932,67.0,39153
933,45.0,13127
934,67.0,48479
935,54.0,37123
936,49.0,23003
937,52.0,47045
938,56.0,53053
939,74.0,42071
940,54.0,01055
941,55.0,47119
942,71.0,55133
943,58.0,25021
944,47.0,18063
945,80.0,49045
946,50.0,51650
947,56.0,51069
948,20.0,22089
949,51.0,16027
950,55.0,12073
951,51.0,51033
952,54.0,06021
953,71.0,29510
954,33.0,53067
955,67.0,31107
956,51.0,35061
957,69.0,48061
958,56.0,48339
959,54.0,36071
960,54.0,25023
961,72.0,36005
962,64.0,39103
963,74.0,42005
964,51.0,34001
965,64.0,55071
966,61.0,55029
967,33.0,39053
968,74.0,06079
969,58.0,21019
970,55.0,45025
971,52.0,41067
972,48.0,51810
973,47.0,33001
974,30.0,53021
975,61.0,20173
976,64.0,48453
977,61.0,12057
978,66.0,34021
979,62.0,42129
980,58.0,44003
981,54.0,25011
982,175.0,29143
983,9.0,40047
984,58.0,26091
985,87.0,48227
986,58.89,31039
987,38.81,53069
988,67.65,35011
989,54.49,31129
990,52.3,72085
991,62.13,48327
992,132.71,06091
993,52.1,21053
994,48.71,48189
995,66.1,48011
996,48.02,13189
997,56.98,05137
998,45.81,28061
999,58.38,29083
1000,44.43,08109
1001,54.0,37037
1002,73.08,49033
1003,51.77,51121
1004,85.8,35035
1005,57.55,35003
1006,47.87,01091
1007,56.12,29011
1008,46.17,48057
1009,49.78,51735
1010,48.15,54075
1011,62.78,48077
1012,48.41,51095
1013,47.3,31101
1014,53.82,31137
1015,50.9,22111
1016,34.51,42053
1017,61.97,26109
1018,69.71,18073
1019,40.79,13025
1020,52.37,13171
1021,60.07,18151
1022,57.54,21003
1023,52.28,37001
1024,61.71,20073
1025,49.4,16051
1026,25.89,48177
1027,59.38,47115
1028,52.06,26007
1029,55.74,21231
1030,49.02,47185
1031,48.57,48147
1032,54.85,20043
1033,62.34,48265
1034,49.51,12053
1035,48.91,12131
1036,46.04,28017
1037,37.94,02130
1038,52.91,26035
1039,58.68,20157
1040,52.33,72115
1041,52.28,78030
1042,54.07,31181
1043,54.59,17067
1044,65.9,46067
1045,52.08,50011
1046,54.38,26103
1047,45.75,17025
1048,51.16,29103
1049,56.85,29117
1050,62.47,31043
1051,52.32,26089
1052,46.59,51181
1053,48.09,48391
1054,60.94,13273
1055,50.15,18115
1056,55.49,08115
1057,47.94,30065
1058,65.98,46101
1059,33.4,54079
1060,51.83,34037
1061,48.32,20039
1062,46.2,28145
1063,65.65,31015
1064,73.76,38099
1065,71.48,32013
1066,68.19,48247
1067,38.1,08017
1068,55.24,13193
1069,58.32,18007
1070,48.63,47129
1071,65.58,46043
1072,52.85,24047
1073,55.27,18069
1074,59.29,21209
1075,58.12,19053
1076,66.69,18099
1077,46.21,31171
1078,71.76,38085
1079,59.49,48127
1080,62.33,27045
1081,58.22,45023
1082,63.57,27073
1083,60.74,55093
1084,33.24,13049
1085,58.58,13233
1086,53.36,20147
1087,65.74,31089
1088,61.11,29101
1089,46.02,22021
1090,65.57,17005
1091,50.19,17009
1092,69.38,27085
1093,63.7,55033
1094,29.0,08027
1095,45.28,29123
1096,83.58,48353
1097,56.56,42127
1098,66.63,40095
1099,52.98,24001
1100,64.04,54103
1101,41.5,41007
1102,55.66,36003
1103,59.31,19031
1104,54.15,18117
1105,51.9,13227
1106,34.42,30015
1107,47.6,31017
1108,54.95,47013
1109,51.87,37069
1110,63.08,20111
1111,58.15,19027
1112,50.77,22107
1113,53.13,47123
1114,36.13,20075
1115,60.97,19151
1116,56.82,16045
1117,56.05,05063
1118,69.2,05085
1119,69.97,18111
1120,59.39,13119
1121,51.37,12051
1122,58.93,13265
1123,37.97,30059
1124,44.76,28069
1125,52.31,72105
1126,52.46,01019
1127,65.11,48019
1128,57.41,35059
1129,51.8,36111
1130,31.09,20199
1131,51.66,26003
1132,55.74,05049
1133,56.5,37155
1134,64.1,26123
1135,52.92,41049
1136,62.04,27153
1137,53.8,05083
1138,54.16,05091
1139,62.07,08111
1140,60.64,13045
1141,61.86,20161
1142,71.38,48413
1143,53.04,51167
1144,33.39,16065
1145,52.77,21001
1146,50.08,21077
1147,59.2,21097
1148,46.9,23023
1149,47.88,30097
1150,62.57,48181
1151,53.4,02188
1152,53.68,20051
1153,47.28,01065
1154,49.5,01105
1155,47.98,01033
1156,44.52,20151
1157,59.98,21017
1158,54.72,47149
1159,54.7,13075
1160,48.47,20101
1161,40.28,40059
1162,62.92,17147
1163,48.55,48107
1164,52.29,72053
1165,47.86,01063
1166,57.11,16033
1167,60.05,19109
1168,52.3,72151
1169,42.0,31103
1170,57.41,19187
1171,52.22,17151
1172,50.71,47159
1173,53.99,51089
1174,56.11,19101
1175,23.06,40003
1176,41.89,48119
1177,55.26,47169
1178,69.15,46039
1179,52.33,72067
1180,57.2,48507
1181,43.12,31007
1182,60.7,19121
1183,50.55,13279
1184,60.83,26151
1185,62.27,27105
1186,52.13,27001
1187,70.69,38071
1188,54.83,28151
1189,52.77,48133
1190,55.37,28055
1191,33.83,48123
1192,44.16,48005
1193,56.52,45081
1194,43.74,29125
1195,55.43,29109
1196,55.0,51540
1197,35.66,17011
1198,54.72,37115
1199,30.43,16053
1200,41.01,39163
1201,50.34,16037
1202,53.9,19089
1203,49.02,13181
1204,54.6,01013
1205,48.19,51097
1206,50.58,05015
1207,53.67,51820
1208,38.0,02220
1209,54.59,47061
1210,59.71,27057
1211,59.79,38081
1212,37.07,29179
1213,59.05,39125
1214,59.06,18179
1215,40.29,51063
1216,60.56,54005
1217,54.83,28009
1218,51.0,21055
1219,55.18,19159
1220,56.49,37151
1221,57.68,18171
1222,54.71,31077
1223,62.57,31095
1224,55.85,31151
1225,52.86,21119
1226,61.26,27063
1227,63.01,27039
1228,40.15,27047
1229,47.58,51119
1230,56.06,42065
1231,54.09,47003
1232,49.49,47027
1233,50.45,17029
1234,54.81,47097
1235,54.6,36097
1236,68.96,26159
1237,63.75,17131
1238,55.69,21127
1239,58.11,21177
1240,60.38,46025
1241,50.21,12041
1242,65.81,42109
1243,32.93,48277
1244,31.9,31057
1245,7.09,48289
1246,75.94,38035
1247,41.85,51595
1248,63.88,40081
1249,34.61,20071
1250,56.05,13145
1251,58.88,13251
1252,52.3,72127
1253,69.97,48433
1254,46.98,39069
1255,57.48,29145
1256,54.93,48311
1257,47.0,17035
1258,58.84,13297
1259,62.99,27121
1260,50.16,51157
1261,50.85,51009
1262,47.24,17033
1263,91.28,08093
1264,57.58,13129
1265,60.24,19025
1266,49.72,51580
1267,49.59,50017
1268,60.7,20113
1269,57.48,39051
1270,39.57,08003
1271,52.29,72049
1272,52.31,72051
1273,69.74,42031
1274,64.67,46097
1275,48.48,46073
1276,52.95,18031
1277,50.41,51057
1278,51.81,45089
1279,32.18,19195
1280,63.62,40063
1281,50.6,51027
1282,49.51,51005
1283,46.94,28087
1284,66.69,18143
1285,63.32,48435
1286,52.33,72121
1287,58.0,40101
1288,54.01,29043
1289,52.32,72039
1290,52.98,28073
1291,57.36,18137
1292,54.96,13147
1293,46.42,22049
1294,53.19,51133
1295,62.26,48157
1296,70.51,55047
1297,44.79,30073
1298,59.54,32021
1299,50.22,17057
1300,65.85,18161
1301,65.27,29119
1302,54.43,35047
1303,59.73,01081
1304,44.3,38021
1305,74.4,38003
1306,66.74,27143
1307,51.26,13293
1308,51.97,26033
1309,61.13,13013
1310,48.01,13183
1311,57.02,48271
1312,52.32,72133
1313,55.1,17135
1314,48.38,28003
1315,46.1,28071
1316,38.23,22043
1317,53.8,29005
1318,59.75,26149
1319,62.16,17055
1320,47.27,30033
1321,54.0,31001
1322,52.3,72139
1323,62.08,46087
1324,47.65,01057
1325,54.11,01017
1326,71.69,08081
1327,54.16,21087
1328,65.44,18047
1329,52.32,72073
1330,51.92,26071
1331,63.22,27067
1332,49.21,21237
1333,47.87,48149
1334,50.55,46081
1335,64.23,48045
1336,43.77,26131
1337,46.4,28015
1338,61.86,27133
1339,49.91,22061
1340,58.47,42099
1341,48.27,46137
1342,49.44,26013
1343,59.56,40131
1344,52.35,72097
1345,59.86,40015
1346,76.27,48383
1347,57.11,05141
1348,90.03,08117
1349,66.09,20035
1350,48.64,05071
1351,51.79,51045
1352,59.87,48083
1353,44.25,02290
1354,52.79,28085
1355,119.32,48357
1356,51.16,48103
1357,53.05,47081
1358,61.13,28143
1359,54.19,29081
1360,52.3,72029
1361,59.44,13223
1362,55.25,39015
1363,56.67,39091
1364,52.31,72123
1365,61.7,13079
1366,52.3,72103
1367,50.91,48477
1368,52.53,29067
1369,67.37,38009
1370,61.93,56017
1371,51.7,26001
1372,48.52,05129
1373,48.8,48305
1374,46.97,36077
1375,54.24,37153
1376,58.45,37093
1377,38.06,31131
1378,49.37,42023
1379,51.13,45035
1380,61.04,27161
1381,36.11,46015
1382,49.23,47177
1383,57.93,21201
1384,104.96,47095
1385,63.71,20139
1386,55.98,48333
1387,60.35,48359
1388,67.44,42019
1389,60.91,20115
1390,49.05,51029
1391,57.6,37025
1392,54.01,29225
1393,62.17,27033
1394,48.73,12093
1395,53.0,13291
1396,52.38,48403
1397,40.85,39131
1398,50.05,01131
1399,45.43,28097
1400,54.01,31099
1401,33.82,31087
1402,45.6,16081
1403,47.6,51073
1404,50.84,05133
1405,53.32,18017
1406,62.26,16077
1407,48.66,56043
1408,46.68,37029
1409,58.3,05069
1410,52.77,05079
1411,48.7,55123
1412,35.61,48223
1413,33.9,48225
1414,49.14,39111
1415,50.65,20165
1416,54.75,18107
1417,37.08,20187
1418,51.74,21129
1419,55.82,27071
1420,61.47,27165
1421,58.6,22053
1422,27.02,46119
1423,63.73,40029
1424,56.79,30011
1425,54.43,48461
1426,53.64,31105
1427,61.18,17093
1428,40.35,08085
1429,28.74,08037
1430,43.22,12109
1431,46.1,28019
1432,55.76,29079
1433,52.17,26085
1434,52.35,17059
1435,56.52,45047
1436,60.56,20059
1437,72.19,27027
1438,55.33,47075
1439,47.79,28139
1440,34.78,54035
1441,58.12,16039
1442,70.52,38005
1443,49.93,29163
1444,150.24,29201
1445,46.36,39001
1446,49.8,48143
1447,55.08,13137
1448,64.78,13319
1449,47.25,39033
1450,50.82,12027
1451,62.35,26015
1452,54.04,29209
1453,64.94,37169
1454,60.45,19039
1455,52.44,19065
1456,60.98,19181
1457,59.16,39161
1458,49.31,12043
1459,51.96,13199
1460,40.49,08023
1461,59.13,48099
1462,57.49,19001
1463,56.09,13053
1464,47.0,29089
1465,61.05,39129
1466,50.42,51145
1467,107.66,08014
1468,52.44,26009
1469,52.28,45069
1470,38.3,17103
1471,47.02,31127
1472,62.79,20149
1473,60.26,26075
1474,65.09,48091
1475,51.03,25019
1476,55.9,45009
1477,56.99,48007
1478,50.1,13019
1479,61.76,18165
1480,52.79,26143
1481,40.3,37005
1482,155.15,06035
1483,49.63,51610
1484,21.81,39119
1485,50.38,08015
1486,65.48,08025
1487,50.37,28109
1488,53.0,28111
1489,54.02,31041
1490,46.2,12013
1491,59.29,21117
1492,49.27,19037
1493,62.36,17037
1494,33.38,19081
1495,71.03,38089
1496,51.29,26095
1497,46.53,37139
1498,58.37,47073
1499,69.15,38011
1500,54.91,42057
1501,53.86,48237
1502,60.55,17175
1503,70.27,40055
1504,92.02,48211
1505,34.35,46129
1506,61.2,40033
1507,42.36,29221
1508,54.52,36011
1509,58.05,48417
1510,48.75,48407
1511,59.52,19061
1512,50.48,51075
1513,50.98,39139
1514,66.75,39021
1515,54.08,33019
1516,62.91,17075
1517,59.64,19157
1518,64.29,39169
1519,58.88,13113
1520,65.39,13141
1521,68.6,48259
1522,54.54,36039
1523,50.78,51137
1524,47.2,40089
1525,55.13,13277
1526,65.01,46077
1527,45.75,36043
1528,65.12,38047
1529,48.85,26053
1530,54.91,01095
1531,55.22,47173
1532,52.84,54057
1533,59.15,17053
1534,71.53,38029
1535,53.45,22113
1536,59.61,05121
1537,53.37,22035
1538,53.03,22037
1539,52.07,48481
1540,38.0,02198
1541,38.0,02195
1542,50.72,48153
1543,37.99,02275
1544,52.57,21151
1545,52.49,01053
1546,58.93,13143
1547,59.03,20001
1548,59.05,17041
1549,51.8,51079
1550,48.29,66010
1551,68.54,55137
1552,56.12,05065
1553,53.25,35017
1554,47.07,29131
1555,53.48,37193
1556,60.89,29165
1557,58.21,01083
1558,53.69,31143
1559,60.89,39123
1560,70.76,27107
1561,57.62,19165
1562,62.66,19011
1563,50.62,21159
1564,62.62,27025
1565,53.41,21189
1566,47.37,29051
1567,59.93,42061
1568,48.03,31045
1569,39.59,51141
1570,51.5,26119
1571,50.89,26135
1572,42.26,35007
1573,58.54,17189
1574,58.85,42009
1575,50.26,05127
1576,60.04,20099
1577,53.81,34009
1578,63.28,27089
1579,49.15,51101
1580,48.74,08055
1581,55.01,47023
1582,53.93,17171
1583,73.06,49027
1584,87.83,49029
1585,66.61,04011
1586,49.24,26129
1587,49.15,47087
1588,15.35,17159
1589,61.17,01009
1590,33.42,30051
1591,63.17,48131
1592,46.91,29173
1593,60.01,13061
1594,50.13,41011
1595,6.6,48159
1596,51.95,36113
1597,62.73,40005
1598,54.79,17129
1599,57.27,13015
1600,64.0,40111
1601,72.02,38083
1602,57.75,18049
1603,54.99,55129
1604,52.34,72003
1605,60.92,27169
1606,56.92,28149
1607,46.33,29139
1608,70.36,20021
1609,45.94,37083
1610,58.23,21051
1611,62.92,42035
1612,49.83,55065
1613,52.54,54077
1614,48.29,69100
1615,69.39,55135
1616,57.58,48137
1617,51.56,29153
1618,61.4,48473
1619,52.28,01099
1620,50.75,50009
1621,47.03,51111
1622,76.9,38097
1623,62.57,13283
1624,67.0,13037
1625,52.31,72043
1626,52.33,72055
1627,53.46,42037
1628,60.59,35006
1629,60.51,34005
1630,60.77,13099
1631,68.63,38049
1632,62.7,31179
1633,48.02,38045
1634,71.83,38043
1635,44.25,28101
1636,56.11,37163
1637,55.02,47127
1638,52.31,72019
1639,56.54,05105
1640,31.05,20023
1641,58.76,19185
1642,59.22,48165
1643,50.13,01093
1644,52.82,37189
1645,51.41,51770
1646,81.43,48317
1647,48.12,29127
1648,65.62,19097
1649,74.02,38063
1650,56.86,36019
1651,60.83,29177
1652,44.3,39073
1653,55.5,01085
1654,59.01,13043
1655,46.74,28135
1656,53.6,20005
1657,52.33,72081
1658,51.59,48003
1659,63.99,40133
1660,45.35,60020
1661,48.03,06045
1662,43.55,51550
1663,48.29,69120
1664,52.33,72153
1665,56.2,48169
1666,51.98,54031
1667,52.32,72001
1668,62.35,45059
1669,53.19,56011
1670,57.62,48055
1671,59.05,20029
1672,46.52,01037
1673,60.98,19059
1674,54.99,21095
1675,62.07,20061
1676,52.15,47019
1677,46.89,51037
1678,58.24,47179
1679,57.11,45071
1680,50.59,51093
1681,51.63,41069
1682,112.53,29023
1683,55.76,28125
1684,52.05,51750
1685,46.13,12037
1686,55.18,18139
1687,70.81,55131
1688,52.19,29105
1689,60.8,05031
1690,53.06,29195
1691,48.69,17193
1692,62.83,17039
1693,51.02,12119
1694,76.69,38091
1695,50.72,55007
1696,49.67,47161
1697,51.05,55097
1698,47.27,54101
1699,61.65,48369
1700,51.58,40151
1701,49.78,21063
1702,48.41,29041
1703,102.21,08087
1704,53.58,41045
1705,51.94,20167
1706,13.16,17155
1707,44.31,46055
1708,55.03,47111
1709,61.91,05023
1710,56.05,01109
1711,50.22,16003
1712,68.49,42107
1713,71.56,38103
1714,60.97,37045
1715,50.98,05059
1716,50.51,17169
1717,55.34,13081
1718,55.88,05027
1719,74.09,38039
1720,59.7,19043
1721,55.65,54027
1722,54.47,37125
1723,48.66,20009
1724,70.74,38087
1725,46.35,22083
1726,58.17,31071
1727,60.59,01133
1728,64.01,46061
1729,56.68,27061
1730,95.53,08073
1731,45.88,36053
1732,52.62,36115
1733,61.28,18081
1734,50.78,48445
1735,57.48,35021
1736,50.28,01121
1737,47.01,55067
1738,67.23,48155
1739,60.91,19021
1740,57.79,19129
1741,58.45,48385
1742,60.88,19049
1743,103.64,48065
1744,45.67,29223
1745,63.1,17177
1746,59.63,26087
1747,56.12,22027
1748,52.33,72093
1749,52.88,26079
1750,52.33,72005
1751,42.41,22039
1752,55.25,47069
1753,56.74,35023
1754,9.0,38023
1755,44.2,28023
1756,60.72,19125
1757,58.0,51600
1758,69.78,40057
1759,64.33,48275
1760,51.1,05103
1761,62.72,39037
1762,37.21,46041
1763,47.4,41057
1764,59.44,13077
1765,55.9,28127
1766,52.83,28131
1767,55.47,47017
1768,57.38,18119
1769,56.2,29017
1770,50.89,54047
1771,66.82,31139
1772,63.65,13023
1773,65.47,13033
1774,60.42,17181
1775,64.63,17091
1776,53.86,38051
1777,57.53,31141
1778,48.83,37185
1779,52.31,72009
1780,54.43,13197
1781,62.99,46027
1782,58.21,13159
1783,46.18,29175
1784,61.21,20015
1785,63.37,48209
1786,65.58,48325
1787,55.76,45013
1788,65.38,46135
1789,61.08,45077
1790,51.1,18023
1791,63.44,17027
1792,30.12,16067
1793,58.25,42113
1794,56.77,28121
1795,58.35,48345
1796,62.58,48485
1797,56.08,26155
1798,55.01,20089
1799,55.3,20123
1800,49.17,12007
1801,51.22,28091
1802,54.81,28039
1803,59.73,18059
1804,49.83,51620
1805,55.94,48329
1806,40.64,20171
1807,51.0,51660
1808,60.37,17199
1809,52.32,72111
1810,64.55,20189
1811,52.72,54001
1812,45.48,47181
1813,43.69,31013
1814,66.96,42097
1815,49.01,51530
1816,60.95,31173
1817,52.06,50015
1818,49.67,51067
1819,53.31,40011
1820,57.2,18135
1821,66.87,49025
1822,52.32,72113
1823,57.99,55023
1824,52.2,01071
1825,58.69,19123
1826,56.58,20045
1827,52.25,21197
1828,68.58,38001
1829,36.45,37137
1830,56.92,21083
1831,59.46,26093
1832,63.81,40123
1833,44.79,48457
1834,50.47,47175
1835,66.98,40125
1836,55.84,35053
1837,43.2,13003
1838,41.49,48145
1839,54.59,05149
1840,31.59,20033
1841,52.38,21171
1842,65.87,46079
1843,58.61,48377
1844,69.1,48489
1845,52.31,72021
1846,59.65,35028
1847,52.24,02122
1848,56.78,19007
1849,52.28,78010
1850,49.48,51127
1851,54.22,13263
1852,47.1,36049
1853,53.89,54015
1854,59.61,18077
1855,46.99,51019
1856,44.57,35033
1857,59.98,31011
1858,50.29,29149
1859,49.95,47083
1860,47.81,51077
1861,64.62,27093
1862,57.7,39005
1863,64.52,31119
1864,40.72,08079
1865,65.88,13167
1866,52.45,05095
1867,54.19,29059
1868,35.59,20145
1869,50.79,12029
1870,91.78,02240
1871,53.95,20065
1872,49.63,22097
1873,48.84,47055
1874,66.05,05093
1875,52.34,72117
1876,47.21,20129
1877,54.62,21081
1878,50.37,21217
1879,52.9,54045
1880,50.27,54073
1881,55.81,54019
1882,43.91,31117
1883,44.63,31145
1884,56.75,31149
1885,51.04,47085
1886,33.64,17125
1887,39.17,48213
1888,59.61,47153
1889,54.27,48471
1890,62.3,26127
1891,50.84,27065
1892,37.31,06003
1893,56.42,01011
1894,42.97,17105
1895,41.35,39079
1896,52.31,72145
1897,76.46,48115
1898,53.25,36069
1899,75.02,02261
1900,50.11,01001
1901,61.73,20121
1902,58.99,13091
1903,54.77,36023
1904,34.81,13039
1905,58.49,18087
1906,55.9,48371
1907,63.63,13225
1908,56.4,13311
1909,63.3,13163
1910,66.17,55083
1911,50.28,48347
1912,53.5,55113
1913,27.37,48187
1914,36.85,53029
1915,56.76,54037
1916,51.63,54055
1917,52.42,31073
1918,46.08,28095
1919,58.41,51169
1920,45.97,48239
1921,62.87,13289
1922,53.65,01087
1923,56.5,17191
1924,63.49,48437
1925,47.33,29151
1926,57.94,45055
1927,50.66,37073
1928,56.23,08089
1929,70.69,38019
1930,56.81,40103
1931,53.03,20063
1932,55.17,01115
1933,49.83,28123
1934,50.55,18061
1935,62.25,13047
1936,40.37,22059
1937,49.32,23027
1938,54.71,12087
1939,46.31,39157
1940,56.0,39071
1941,55.18,27077
1942,57.41,16011
1943,52.34,72023
1944,52.3,72069
1945,52.3,72077
1946,27.09,46085
1947,60.31,55121
1948,86.4,48431
1949,51.68,48495
1950,71.9,49041
1951,46.03,01023
1952,53.06,31047
1953,51.18,17069
1954,48.25,31005
1955,58.59,48163
1956,60.16,20107
1957,47.85,32011
1958,36.3,31085
1959,52.95,08095
1960,54.75,05013
1961,52.54,28051
1962,46.37,28105
1963,52.29,72037
1964,52.31,72047
1965,61.6,22119
1966,58.37,26059
1967,55.07,21141
1968,58.41,37161
1969,54.23,46005
1970,61.34,01043
1971,55.08,31097
1972,20.75,37187
1973,32.34,46075
1974,55.85,37007
1975,38.0,02100
1976,66.86,31003
1977,28.03,29073
1978,57.97,21031
1979,52.27,78020
1980,60.88,13211
1981,60.74,05037
1982,53.75,05107
1983,73.9,06115
1984,48.55,08091
1985,62.89,35009
1986,70.13,40149
1987,51.6,37135
1988,60.59,18131
1989,50.1,51685
1990,58.24,24035
1991,55.84,20013
1992,56.27,13031
1993,50.4,21071
1994,53.12,30007
1995,47.6,13309
1996,26.41,37049
1997,51.57,29087
1998,83.02,48295
1999,66.22,38061
2000,48.43,30003
2001,43.64,31165
2002,52.73,28031
2003,52.33,72099
2004,49.15,21021
2005,54.17,21065
2006,77.73,48087
2007,49.66,48089
2008,40.91,17063
2009,64.3,27081
2010,53.44,13109
2011,61.33,48497
2012,52.58,02050
2013,51.12,13307
2014,61.97,13169
2015,54.98,55095
2016,70.78,55045
2017,52.32,72107
2018,48.35,51700
2019,37.57,08011
2020,70.29,40065
2021,86.39,48173
2022,59.3,05047
2023,49.38,40093
2024,72.92,38055
2025,41.57,41027
2026,35.79,19197
2027,52.16,48419
2028,27.35,29055
2029,49.01,51017
2030,65.89,27111
2031,51.71,22075
2032,46.06,28115
2033,52.44,22067
2034,51.67,01047
2035,52.65,48093
2036,52.3,72129
2037,52.31,72135
2038,56.8,28163
2039,62.79,29107
2040,52.97,37195
2041,49.83,39117
2042,50.05,30039
2043,67.99,38031
2044,60.39,05033
2045,62.44,48053
2046,112.69,48179
2047,53.35,17109
2048,84.37,48229
2049,42.54,31111
2050,52.57,48067
2051,52.85,47079
2052,56.0,51840
2053,49.67,37061
2054,52.3,72095
2055,62.98,55001
2056,57.15,29045
2057,42.53,22009
2058,60.97,28137
2059,52.42,29227
2060,54.06,31163
2061,54.8,46021
2062,57.16,46063
2063,50.4,26057
2064,57.4,19175
2065,56.88,17127
2066,47.88,31113
2067,54.1,31121
2068,48.32,31161
2069,58.89,21039
2070,67.06,13321
2071,53.2,18109
2072,42.84,13229
2073,45.19,60010
2074,57.63,18053
2075,52.54,28077
2076,44.02,22127
2077,63.76,17073
2078,34.21,41041
2079,58.45,13259
2080,116.56,05021
2081,70.66,05045
2082,61.11,40041
2083,59.33,19107
2084,55.73,17061
2085,56.33,13285
2086,50.73,47043
2087,66.98,46009
2088,58.29,47059
2089,29.64,51183
2090,71.15,38067
2091,44.09,46007
2092,43.31,22115
2093,58.71,24041
2094,54.99,13257
2095,51.49,05005
2096,47.91,28007
2097,60.84,19169
2098,59.23,20011
2099,47.69,51049
2100,55.81,45085
2101,52.17,02164
2102,53.45,54109
2103,70.88,48097
2104,57.35,45075
2105,60.41,27099
2106,62.05,27101
2107,37.5,29161
2108,46.09,28117
2109,57.41,21235
2110,67.26,18149
2111,62.73,48491
2112,52.3,72109
2113,40.48,19131
2114,63.31,13107
2115,43.82,22025
2116,59.59,42025
2117,61.05,31133
2118,54.81,47171
2119,44.2,54007
2120,56.92,48079
2121,55.5,29085
2122,57.06,29009
2123,54.63,05081
2124,52.32,72091
2125,45.88,28113
2126,51.49,47031
2127,57.4,21183
2128,61.32,13071
2129,70.39,27167
2130,49.41,51173
2131,63.98,35041
2132,52.45,51191
2133,58.29,40039
2134,48.58,39101
2135,50.5,17149
2136,28.73,17203
2137,46.87,01107
2138,58.33,40045
2139,56.63,17145
2140,55.41,19075
2141,59.67,34035
2142,56.82,17087
2143,50.78,08053
2144,56.63,16031
2145,68.92,27059
2146,56.9,28029
2147,49.1,48467
2148,50.71,51015
2149,52.09,02060
2150,67.37,49031
2151,55.62,21161
2152,57.15,27009
2153,85.67,48129
2154,45.6,01077
2155,57.49,18045
2156,51.33,17173
2157,48.09,17051
2158,33.24,39127
2159,36.12,51590
2160,58.6,13011
2161,44.75,13305
2162,63.1,40069
2163,41.54,49043
2164,54.46,29167
2165,52.07,32015
2166,53.99,19191
2167,57.47,21023
2168,52.89,55037
2169,54.05,54087
2170,60.56,27159
2171,55.95,24045
2172,55.43,37097
2173,45.65,51083
2174,44.85,37091
2175,52.04,36057
2176,60.61,27113
2177,46.11,41021
2178,48.22,05009
2179,68.78,48253
2180,52.27,48185
2181,44.19,22007
2182,45.16,28013
2183,54.14,28041
2184,54.62,30017
2185,61.57,46109
2186,66.59,17141
2187,75.01,38077
2188,60.6,55005
2189,51.01,55051
2190,63.02,27157
2191,61.19,40127
2192,52.01,26141
2193,53.56,36105
2194,61.84,37149
2195,54.77,37165
2196,58.52,37085
2197,56.53,37105
2198,64.5,18159
2199,60.92,20027
2200,61.15,40145
2201,54.29,05041
2202,52.29,72147
2203,49.0,47135
2204,40.24,51740
2205,49.77,54023
2206,52.93,51171
2207,81.45,48235
2208,54.47,29025
2209,52.21,18025
2210,52.13,29111
2211,46.49,31075
2212,52.3,72087
2213,61.44,16071
2214,63.12,17139
2215,54.12,21107
2216,63.64,16035
2217,45.17,60050
2218,52.33,72011
2219,72.47,04009
2220,62.03,05123
2221,52.15,13101
2222,52.14,02070
2223,55.79,20105
2224,53.64,20183
2225,54.04,12065
2226,52.31,72041
2227,49.67,28005
2228,52.26,05097
2229,60.03,26025
2230,53.38,01029
2231,67.73,40009
2232,86.64,06049
2233,54.56,13179
2234,67.99,48047
2235,64.29,27155
2236,51.86,17017
2237,59.62,42067
2238,48.52,42083
2239,63.49,40049
2240,58.16,31021
2241,54.31,36073
2242,52.77,22031
2243,56.21,13105
2244,60.14,01005
2245,48.93,37017
2246,71.74,48111
2247,64.51,40035
2248,48.99,47035
2249,52.48,26137
2250,59.84,19161
2251,76.88,49015
2252,55.6,53019
2253,60.61,30109
2254,72.67,35027
2255,54.99,40021
2256,62.03,27173
2257,86.74,48335
2258,42.76,48499
2259,57.11,37039
2260,58.88,26107
2261,52.28,12067
2262,52.34,21025
2263,70.95,48075
2264,60.34,29181
2265,63.52,48243
2266,49.0,51678
2267,56.44,05135
2268,33.3,37177
2269,60.99,27131
2270,38.37,29219
2271,41.49,46121
2272,58.04,19127
2273,65.72,40141
2274,52.63,54063
2275,51.72,18155
2276,68.85,21105
2277,51.99,01061
2278,66.45,19055
2279,62.79,20127
2280,56.07,19051
2281,45.15,37143
2282,49.03,12075
2283,52.3,72063
2284,52.32,72065
2285,59.32,13315
2286,56.32,22081
2287,51.24,13281
2288,51.04,28129
2289,51.68,16075
2290,32.36,37095
2291,39.23,19067
2292,45.79,21225
2293,61.66,46125
2294,62.6,47029
2295,56.02,47067
2296,50.3,47071
2297,52.12,45067
2298,52.31,72057
2299,45.14,22117
2300,168.61,29207
2301,60.5,13093
2302,54.38,31155
2303,68.45,27141
2304,63.96,46035
2305,67.84,48337
2306,55.38,48049
2307,68.98,55115
2308,57.56,19009
2309,64.18,48207
2310,66.69,40083
2311,40.88,08065
2312,51.49,54017
2313,50.7,54105
2314,47.78,33003
2315,55.99,54095
2316,48.29,69085
2317,63.86,27079
2318,37.77,53017
2319,58.22,36009
2320,65.54,19105
2321,45.39,20007
2322,45.13,29169
2323,52.84,01045
2324,32.41,20109
2325,51.51,29075
2326,52.05,31009
2327,71.82,49009
2328,63.33,37071
2329,60.11,35019
2330,47.09,30037
2331,51.74,29001
2332,57.87,39043
2333,59.53,17183
2334,69.3,17007
2335,79.98,48151
2336,50.96,22085
2337,53.29,17137
2338,63.74,13235
2339,46.34,37015
2340,56.01,37167
2341,48.62,47143
2342,50.1,37079
2343,53.19,21131
2344,60.17,24039
2345,35.49,17123
2346,50.04,21143
2347,67.71,48095
2348,84.48,48081
2349,49.04,47133
2350,51.21,26069
2351,45.46,13299
2352,73.42,38037
2353,45.7,19083
2354,60.93,22023
2355,47.41,27137
2356,52.31,72143
2357,60.64,19015
2358,62.93,31051
2359,53.84,51001
2360,69.45,55015
2361,61.39,21121
2362,58.29,26067
2363,70.96,47131
2364,50.88,21035
2365,58.17,47147
2366,54.88,51043
2367,54.75,21109
2368,51.65,45073
2369,56.55,28021
2370,51.46,24037
2371,33.39,30009
2372,60.19,31167
2373,43.96,13001
2374,60.66,19099
2375,49.95,28153
2376,66.27,48101
2377,41.95,51081
2378,55.5,48503
2379,48.51,01123
2380,43.33,08105
2381,62.27,19149
2382,54.57,36123
2383,52.49,29229
2384,37.49,30101
2385,55.04,36107
2386,46.62,48287
2387,48.96,48073
2388,45.91,29007
2389,53.82,45029
2390,74.38,05055
2391,70.95,48191
2392,53.39,55013
2393,65.44,35057
2394,31.77,53049
2395,47.59,37141
2396,29.2,46117
2397,57.57,21007
2398,61.11,48009
2399,63.34,48023
2400,50.02,48405
2401,45.52,32029
2402,49.34,13249
2403,38.49,48313
2404,45.54,28159
2405,55.05,21103
2406,48.73,21167
2407,61.65,31183
2408,47.55,21135
2409,65.41,27051
2410,54.88,28053
2411,50.79,01025
2412,61.86,20017
2413,52.18,01069
2414,57.99,46003
2415,53.69,02013
2416,53.94,31061
2417,59.78,20037
2418,62.36,27023
2419,56.0,45049
2420,48.81,16043
2421,55.79,13029
2422,44.53,51053
2423,61.76,46083
2424,66.49,55017
2425,59.3,20207
2426,52.04,21157
2427,51.32,13065
2428,26.03,15005
2429,58.81,13287
2430,43.82,17079
2431,32.65,48331
2432,53.43,21099
2433,53.36,21137
2434,45.0,30005
2435,68.12,48389
2436,47.05,51155
2437,53.13,17013
2438,57.26,18085
2439,46.64,28103
2440,56.15,05147
2441,40.49,30045
2442,51.76,30077
2443,35.47,41053
2444,50.91,46105
2445,55.93,19173
2446,54.16,01129
2447,56.38,39039
2448,50.18,17121
2449,50.74,51051
2450,49.27,51007
2451,60.04,13243
2452,52.31,72137
2453,61.38,17187
2454,7.7,48063
2455,63.29,40067
2456,46.01,54085
2457,56.95,19145
2458,54.04,20087
2459,49.54,22045
2460,53.67,02158
2461,47.07,37133
2462,51.65,27043
2463,58.46,47057
2464,62.73,42087
2465,56.0,01041
2466,73.45,48399
2467,58.53,48443
2468,32.09,20153
2469,32.01,20193
2470,43.12,13161
2471,61.7,19035
2472,59.95,05145
2473,52.52,28083
2474,47.18,29053
2475,55.3,26043
2476,62.29,48117
2477,54.89,28027
2478,58.28,19057
2479,59.75,20143
2480,52.32,72141
2481,56.26,47011
2482,58.28,48315
2483,54.26,36095
2484,58.45,40117
2485,53.11,36007
2486,58.93,48291
2487,49.12,54083
2488,48.5,55031
2489,58.2,48241
2490,63.12,49001
2491,56.39,18075
2492,63.59,26117
2493,53.7,36083
2494,63.15,35031
2495,44.55,13017
2496,59.62,05077
2497,54.45,13173
2498,58.66,20159
2499,53.5,01015
2500,51.37,21057
2501,49.66,28107
2502,122.78,48195
2503,58.76,48071
2504,60.05,13239
2505,58.04,48199
2506,55.76,39143
2507,48.11,23021
2508,61.34,17153
2509,56.03,40107
2510,50.85,26145
2511,48.32,50005
2512,50.9,51023
2513,54.56,45001
2514,58.39,31053
2515,70.61,55077
2516,75.34,16061
2517,52.32,72013
2518,54.93,51720
2519,53.69,29211
2520,52.65,20135
2521,51.29,51790
2522,35.1,31029
2523,59.28,48447
2524,61.85,13221
2525,63.99,05029
2526,50.75,29147
2527,74.98,38073
2528,48.97,27115
2529,61.68,48021
2530,59.58,53039
2531,36.47,53055
2532,59.27,20205
2533,43.88,22069
2534,44.71,13155
2535,54.96,02185
2536,48.55,26011
2537,53.22,20141
2538,52.37,26047
2539,52.86,19071
2540,47.59,23015
2541,53.29,36099
2542,56.62,21125
2543,46.38,47121
2544,52.36,29213
2545,55.11,13269
2546,47.62,51830
2547,84.86,48415
2548,49.62,54071
2549,51.13,51139
2550,53.41,40079
2551,52.34,54089
2552,51.5,29115
2553,51.15,13209
2554,34.98,41055
2555,61.64,13133
2556,28.93,46017
2557,40.4,46095
2558,23.01,48293
2559,52.32,72149
2560,65.64,30067
2561,61.35,45021
2562,11.55,48387
2563,50.0,48321
2564,64.08,27149
2565,56.59,13301
2566,68.65,48197
2567,62.34,13165
2568,50.57,21085
2569,51.19,48363
2570,58.49,13149
2571,59.0,01079
2572,52.31,72061
2573,60.39,28093
2574,27.21,20025
2575,33.99,20081
2576,56.96,22013
2577,63.41,19095
2578,54.02,31019
2579,59.39,40007
2580,48.63,19023
2581,48.67,30085
2582,52.32,72017
2583,35.34,48297
2584,47.09,29135
2585,52.14,51193
2586,57.46,37197
2587,51.61,37023
2588,51.93,37191
2589,50.03,05061
2590,57.18,37059
2591,52.4,37111
2592,45.68,05099
2593,38.37,08125
2594,105.75,48421
2595,57.58,48463
2596,59.77,39011
2597,60.99,19063
2598,59.87,20169
2599,49.38,21153
2600,56.62,48017
2601,60.36,42093
2602,52.28,12121
2603,52.06,26031
2604,49.02,26051
2605,55.23,21173
2606,60.51,45057
2607,58.17,21123
2608,51.97,12123
2609,87.99,17003
2610,52.2,12125
2611,57.66,36037
2612,60.97,19041
2613,61.81,30025
2614,27.61,46107
2615,88.04,48109
2616,59.19,20095
2617,46.54,13241
2618,52.94,54097
2619,42.76,29215
2620,56.46,19047
2621,52.31,72035
2622,52.31,72015
2623,52.33,72125
2624,70.27,38095
2625,42.6,12019
2626,71.51,32017
2627,54.19,02180
2628,49.07,30055
2629,61.5,19019
2630,49.13,46047
2631,66.07,27069
2632,61.99,13219
2633,55.22,31059
2634,54.02,12079
2635,52.3,72031
2636,56.12,18153
2637,54.95,13027
2638,47.81,02016
2639,52.35,02150
2640,46.1,20185
2641,43.71,13271
2642,53.98,18181
2643,59.0,18113
2644,61.72,13201
2645,55.78,47103
2646,55.31,21211
2647,53.5,31185
2648,56.41,45005
2649,62.99,18021
2650,48.95,29141
2651,54.55,39075
2652,61.83,19143
2653,59.24,18079
2654,61.54,17165
2655,52.0,45061
2656,51.31,26055
2657,48.0,22003
2658,27.18,46069
2659,51.61,45027
2660,38.9,30095
2661,56.46,47007
2662,57.15,21219
2663,61.27,47183
2664,49.46,31159
2665,56.77,36015
2666,60.93,36121
2667,52.49,21027
2668,45.04,28043
2669,52.24,50013
2670,52.78,51125
2671,66.98,05053
2672,64.2,13175
2673,62.5,05007
2674,52.33,72071
2675,47.38,51135
2676,53.95,36021
2677,53.84,51690
2678,44.9,40023
2679,61.06,20041
2680,70.72,48427
2681,55.94,13103
2682,60.48,40129
2683,57.64,55103
2684,47.55,01075
2685,52.32,72054
2686,54.17,47117
2687,48.92,51011
2688,56.35,05087
2689,52.77,26039
2690,45.56,39019
2691,54.32,51065
2692,61.91,13195
2693,48.69,05039
2694,56.5,08057
2695,38.11,08063
2696,65.43,16073
2697,48.42,55141
2698,53.2,47091
2699,53.98,51195
2700,41.21,29035
2701,56.9,40013
2702,54.06,31035
2703,59.24,19073
2704,49.24,21205
2705,67.66,49055
2706,55.79,29031
2707,151.01,29133
2708,56.07,05025
2709,52.33,72079
2710,60.83,18033
2711,49.76,22091
2712,55.49,29197
2713,50.26,01059
2714,55.21,21041
2715,59.35,48267
2716,51.92,26097
2717,59.14,48307
2718,46.99,28141
2719,67.23,48105
2720,55.8,48217
2721,78.4,08075
2722,33.22,20055
2723,62.17,20125
2724,58.86,45039
2725,51.13,31033
2726,60.75,27091
2727,49.46,47139
2728,68.63,48263
2729,47.99,30099
2730,49.6,31069
2731,49.34,39141
2732,60.91,17195
2733,70.91,48301
2734,62.69,40077
2735,48.09,29091
2736,28.35,20047
2737,35.18,17107
2738,70.86,55139
2739,126.78,21075
2740,60.98,20079
2741,49.31,30021
2742,54.06,54091
2743,48.83,26111
2744,52.83,28119
2745,61.22,17081
2746,61.76,46057
2747,36.97,55069
2748,60.53,36033
2749,48.04,51630
2750,54.85,54081
2751,86.25,35005
2752,47.15,37053
2753,29.74,17101
2754,41.88,18125
2755,54.64,26045
2756,56.42,19179
2757,47.72,28157
2758,57.45,02282
2759,52.51,20179
2760,48.64,28079
2761,52.3,72025
2762,52.33,72027
2763,46.24,28025
2764,51.19,28037
2765,44.56,28099
2766,42.9,46045
2767,52.3,72119
2768,51.45,01035
2769,54.65,18029
2770,55.73,18071
2771,44.83,22125
2772,49.73,12063
2773,55.94,48125
2774,47.96,51115
2775,66.99,38075
2776,63.46,48283
2777,57.82,19087
2778,53.46,31083
2779,52.32,72075
2780,62.55,55091
2781,46.49,29121
2782,51.07,48279
2783,27.98,20097
2784,55.82,48015
2785,53.72,29061
2786,51.71,13253
2787,62.07,19119
2788,107.14,40139
2789,57.71,40153
2790,56.92,19003
2791,56.04,42105
2792,58.14,48465
2793,55.22,20077
2794,59.2,19133
2795,84.08,49023
2796,61.98,40137
2797,51.78,36017
2798,59.43,19091
2799,61.82,55049
2800,56.65,27097
2801,45.12,29205
2802,62.62,20201
2803,48.83,16087
2804,52.4,17045
2805,98.06,08121
2806,21.28,39065
2807,62.3,38093
2808,38.16,29203
2809,63.66,40091
2810,62.59,48171
2811,70.56,38033
2812,48.7,56027
2813,64.15,27117
2814,52.22,51099
2815,63.96,27129
2816,44.65,31091
2817,34.09,46059
2818,61.33,13237
2819,20.67,51640
2820,63.52,35037
2821,64.64,48269
2822,57.12,05073
2823,80.1,48451
2824,51.84,12049
2825,61.11,48501
2826,51.04,41071
2827,58.39,19115
2828,61.74,20049
2829,57.72,39137
2830,49.34,48425
2831,51.01,30035
2832,60.7,32027
2833,65.91,27087
2834,62.58,30047
2835,65.72,48261
2836,86.09,48033
2837,59.16,48411
2838,41.1,40073
2839,47.51,48051
2840,49.55,36035
2841,54.94,28133
2842,25.58,48025
2843,54.76,47077
2844,58.34,19171
2845,45.84,20175
2846,58.47,19135
2847,52.46,31147
2848,60.57,17021
2849,51.49,12133
2850,68.61,13007
2851,55.96,13275
2852,49.85,21005
2853,55.28,13057
2854,52.24,26133
2855,54.39,47109
2856,55.94,29057
2857,48.59,22101
2858,52.31,72045
2859,24.29,18101
2860,55.29,21203
2861,55.29,21223
2862,52.14,45033
2863,48.52,37103
2864,55.97,29199
2865,59.74,20131
2866,53.22,20137
2867,52.31,72007
2868,52.31,72033
2869,51.89,31065
2870,54.3,13087
2871,61.71,18177
2872,52.35,21009
2873,54.01,31093
2874,50.61,47049
2875,61.21,20031
2876,60.01,26023
2877,50.26,51031
2878,40.93,39105
2879,48.03,54067
2880,25.07,40053
2881,45.2,46115
2882,56.63,50027
2883,43.32,48455
2884,68.58,13205
2885,55.87,21147
2886,60.32,21191
2887,54.91,21215
2888,41.8,30041
2889,54.67,31175
2890,63.01,48069
2891,52.87,21133
2892,61.19,34033
2893,66.42,05125
2894,53.46,28063
2895,69.26,38079
2896,48.02,30103
2897,58.64,21049
2898,52.31,72101
2899,51.58,47005
2900,63.26,27015
2901,50.75,47137
2902,51.18,51109
2903,67.28,32009
2904,43.49,26083
2905,87.82,49039
2906,37.22,20093
2907,60.56,19117
2908,50.91,21239
2909,55.93,45053
2910,52.54,45065
2911,61.5,45087
2912,65.11,27103
2913,61.22,55075
2914,52.04,55099
2915,55.69,18103
2916,57.0,20053
2917,53.14,22123
2918,27.68,20083
2919,28.29,20119
2920,59.96,21149
2921,48.1,28001
2922,52.33,72083
2923,46.02,28057
2924,54.29,21073
2925,54.76,13217
2926,39.55,46049
2927,46.8,26061
2928,49.17,30061
2929,55.02,47051
2930,45.69,22029
2931,49.93,46019
2932,58.99,40099
2933,44.45,54013
2934,49.8,51021
2935,53.22,54043
2936,55.63,13131
2937,47.32,08021
2938,50.14,18133
2939,31.32,16047
2940,63.67,47167
2941,55.0,29171
2942,73.94,38059
2943,42.35,37041
2944,15.76,51730
2945,52.29,50023
2946,54.07,05017
2947,52.33,72059
2948,52.33,72131
2949,49.28,05115
2950,43.27,51175
2951,48.89,05089
2952,48.08,29187
2953,52.21,48475
2954,36.6,08061
2955,66.57,48487
2956,52.53,41015
2957,78.25,08119
2958,88.08,49051
2959,55.69,05117
2960,54.25,05011
2961,54.35,48193
2962,58.16,24011
2963,63.44,27041
2964,44.54,30043
2965,43.14,30023
2966,57.15,39077
2967,43.16,13005
2968,60.69,13157
2969,60.07,20003
2970,59.7,17095
2971,47.01,30107
2972,49.79,47015
2973,46.44,23007
2974,49.2,21165
2975,44.75,46089
2976,52.17,26029
2977,62.76,27151
2978,40.11,39147
2979,50.13,13267
2980,53.34,48429
2981,54.1,13317
2982,26.59,53043
2983,57.63,39171
2984,36.67,08009
2985,47.17,16021
2986,39.05,16007
2987,52.08,39159
2988,44.28,48285
2989,63.72,40105
2990,63.67,13125
2991,55.4,46102
2992,63.07,20117
2993,53.11,22065
2994,44.71,30105
2995,58.44,13313
2996,34.06,20203
2997,65.48,46023
2998,64.73,31027
2999,46.58,30069
3000,58.98,29033
3001,60.4,27147
3002,57.93,31169
3003,54.14,47033
3004,52.42,19079
3005,53.87,13255
3006,56.64,29217
3007,62.66,18121
3008,32.43,19069
3009,57.53,13035
3010,108.9,08039
3011,59.64,44001
3012,54.67,48035
3013,58.68,44005
3014,53.74,39045
3015,70.57,38069
3016,52.31,17015
3017,63.3,27125
3018,58.77,47021
3019,51.06,13187
3020,32.92,48175
3021,52.95,37089
3022,121.63,48393
3023,54.98,31049
3024,56.4,36051
3025,61.65,19141
3026,57.46,48059
3027,45.85,48379
3028,42.54,20067
3029,56.07,51105
3030,81.09,35051
3031,53.96,05043
3032,44.03,31123
3033,56.0,29015
3034,47.63,05109
3035,36.41,29065
3036,49.59,51185
3037,54.25,42103
3038,9.5,48343
3039,54.95,50001
3040,59.62,48281
3041,56.05,29185
3042,52.93,36025
3043,56.37,29129
3044,53.35,37127
3045,48.87,51199
3046,55.64,29159
3047,61.24,20019
3048,45.72,48459
3049,48.58,51047
3050,55.97,40061
3051,56.28,54065
3052,63.61,06093
3053,58.25,46037
3054,64.64,01127
3055,51.79,29063
3056,51.75,12039
3057,62.61,13083
3058,54.48,51187
3059,9.03,17047
3060,48.29,69110
3061,50.68,01111
3062,51.2,37009
3063,40.37,08033
3064,50.0,51683
3065,59.19,17071
3066,49.12,21155
3067,52.77,28067
3068,58.26,27029
3069,46.42,51131
3070,53.7,20163
3071,59.74,18041
3072,54.02,31081
3073,56.2,31115
3074,39.09,30091
3075,45.84,31063
3076,52.3,72089
3077,52.03,01007
3078,63.31,27011
3079,61.75,27013
3080,49.52,51091
3081,49.32,51177
3082,51.1,33017
3083,55.8,26041
3084,55.08,05131
3085,45.36,13191
3086,60.7,13207
3087,141.94,29069
3088,87.16,48483
3089,54.09,13117
3090,63.88,48409
3091,46.31,28147
3092,53.19,26073
3093,73.41,48341
3094,59.28,45017
3095,50.59,21069
3096,46.37,55019
3097,60.56,18001
3098,59.25,42119
3099,53.73,22001
3100,60.54,42039
3101,30.03,46123
3102,58.8,19077
3103,62.35,19183
3104,61.57,46111
3105,62.52,40051
3106,52.63,55109
3107,60.6,42121
3108,52.33,28065
3109,54.87,18175
3110,62.84,48031
3111,43.75,51025
3112,55.43,47053
3113,16.01,51149
3114,56.31,05075
3115,69.28,38027
3116,23.73,16063
3117,49.73,55057
3118,53.76,47151
3119,64.94,46031
3120,49.68,46053
3121,46.43,37181
3122,51.0,21033
3123,54.61,45011
3124,51.68,47039
3125,54.53,18009
3126,33.6,16025
3127,60.21,20155
3128,42.39,56015
3129,57.32,55107
3130,47.98,21079
3131,54.94,17077
3132,50.35,45043
3133,71.18,38041
3134,64.92,49019
3135,63.23,55011
3136,50.96,54041
3137,68.17,27119
3138,62.16,27127
3139,62.28,47047
3140,44.92,60040
3141,60.64,05111
3142,47.72,12045
3143,63.31,47063
3144,50.04,01021
3145,60.06,48351
3146,48.46,48219
3147,63.99,13009
3148,53.62,37175
3149,23.75,37171
3150,52.18,01031
3151,58.54,39149
3152,47.07,30019
3153,59.55,40119
3154,48.82,01039
3155,55.82,18093
3156,27.54,20069
3157,53.7,21045
3158,53.06,21169
3159,54.86,21207
3160,60.66,22011
3161,47.13,23025
3162,58.93,40025
3163,55.9,21163
3164,51.73,21179
3165,54.32,21187
3166,111.17,29155
3167,54.86,31125
3168,61.47,55078
3169,55.23,48365
3170,50.77,21011
3171,15.99,48001
3172,62.64,19167
3173,54.09,13111
3174,61.59,46051
3175,51.84,46091
3176,51.48,30079
3177,57.8,19005
3178,53.45,08071
3179,60.64,48299
3180,59.16,48319
3181,53.86,37043
3182,54.28,36093
3183,50.28,54059
3184,63.84,20197
3185,59.96,27055
3186,57.93,21181
3187,39.18,37055
3188,30.99,37047
3189,71.35,48441
3190,15.36,51570
3191,39.59,39031
3192,40.58,31135
3193,63.65,48205
3194,91.8,08049
3195,63.96,48249
3196,35.0,19189
3197,57.33,01067
3198,19.72,39175
3199,66.95,48505
3200,59.86,13177
3201,65.31,27019
3202,55.94,31037
3203,47.23,47101
3204,59.85,30057
3205,48.77,51103
3206,58.36,29013
3207,50.57,51159
3208,38.0,02230
3209,38.0,02105
3210,60.76,19093
3211,51.08,31023
3212,51.25,12015
3213,57.12,19029
3214,59.51,39107
3215,45.86,60030
3216,50.91,21115
3217,52.72,50025
3218,50.69,50019
3219,63.54,20085
3220,46.66,22041
3221,45.5,28155
3222,44.14,31031
3223,47.99,30001
3224,47.73,05057
3225,51.2,29029
3226,47.5,51117
3227,42.73,21233
3228,46.25,53059
3229,55.93,13123
3230,56.75,27135
3231,56.68,28089
3232,55.36,54099
